text,label,notes
"Sooooo…he isn’t hurt lol. Get the fuck up or leave the pitch. Ruined the game for your team, genuinely",reactive_venting,
"This isn’t over for Cape Verde At all",reactive_venting,
"Will be interesting to see how CPV plays from behind",tactical_analysis,Game state observation
"I know Cape Verde will play defensively. But the way they defend is too passive. They don't even bother to press Uruguay players until the ball reaches Cape Verde's own third. Giving a lot of time and space for Uruguay players to make long, accurate passes. And the Uruguay' second goal is the clear example of that",tactical_analysis,
"I'm enjoying this game more than any I've watched so far. I hope CV doesn't get too discouraged by those two goals and comes out the way they did for most of the half. But TBH I won't be disappointed with any result.",meta_narrative,
"Benni Mcarthy loves gun metaphors lol “sniper” “it’s like having a gun with no bullets”",meta_narrative,Broadcast commentary
"Rooting for 2:2 and win over SA, r/soccer would explode lol",meta_narrative,Subreddit commentary
"I want to see Uruguay vs Germany so we can have the battle of eternal goalkeepers. If only Costa Rica had made it instead of Panama so Keylor Navas could have been in on the fun.",meta_narrative,
"When you're anti-underdog as a neutral you're basically telling on yourself as a bootlicker btw",reactive_venting,
"What are you even talking about lol",reactive_venting,
"Took a shit up 1 and came out down 1 good job defense 👍",reactive_venting,
"Being a good samaritan pays off.",meta_narrative,
"Say what you will about the US team at least we don’t play dirty",reactive_venting,
"As soon as it’s needed you absolutely will. There’s no team or player in the tournament who wouldn’t if necessary",tactical_analysis,
"That was a weird sequence: play wasnt stopped for his injury, goal was conceded. If it was stopped, then u could tell the guy to get off the field or get timed out, but he didnt get treatment and when he wanna resume, he STILL got timed out?! Like he didnt waste any time, play wasn't stopped for him",tactical_analysis,Hard edge case defined in planning.md
"Dolphins' stadium is gaudy as hell. It completely suits Miami.",meta_narrative,
"you can tell it's not a footy stadium right? haha",meta_narrative,
"You should see where the marlins play. It exudes that tacky south Florida aesthetic and I love it",meta_narrative,
"Me when Cabo Verde scores: yes. Me when Uruguay scores: no.",reactive_venting,
"Everyone in Latin America knows Uruguay is a beast when it comes to football lol",meta_narrative,
"Shut up! Pt sucks",reactive_venting,
"Until they meat a top 10 team. Then they are minnows",reactive_venting,
"Someone get Erwin Smith to give the motivational speech",meta_narrative,Anime reference
"Cape Verde with 45 more minutes and a dream. NEVER GIVE UP.",reactive_venting,
"Suarez gonna celebrate by biting his wife",reactive_venting,
"Urgay are quite an unlikable team tbh",reactive_venting,
"Still time to come back",reactive_venting,
"It's like people forgot it's the hope that kills you.",meta_narrative,
"Genuine question, do some people not know why some people aren't fans of Uruguay or are they just fishing for something?",meta_narrative,
"It’s the World Cup of course some people don’t know lol",meta_narrative,
"I’m picking up on an unspecified evil aura. Especially from the dude with the man bun.",reactive_venting,
"I know exactly why I‘m not a fan of Uruguay. Still expect them to win 3 points today. I just hope CV can regain focus and some momentum to keep it close",meta_narrative,
"They have unlikable players and they're beating the beloved underdog.",meta_narrative,
"Give them a break, they watch football every four years",meta_narrative,
"Do people watch Uruguay more than once every four years?",meta_narrative,
"It looks like Cape Verde fell to the memes and thought they really had a chance",meta_narrative,
"One day wonder for josimar dias. 2nd uruguay goal wasn't even attempted to be blocked. Your ig will be unfollow for this horrible game.",reactive_venting,
"Faking an injury shouldn't be a strategy, cost them",tactical_analysis,
"I’m manifesting a Disney movie style locker room speech for CV to turn this ish around",meta_narrative,
"I think it either ends 2-2 after Verde players get the shouting of not only their lives but their ancestors' too... or Uruguay get a nice addition to their GD by the end of this. Sucks after seeing a defensive masterclass against Spain that seemed to repeat itself but they kinda crumbled in their own excitement after the first goal.",tactical_analysis,
"As incredible as Vizinha was against Spain, sometimes those are once in a lifetime performances unfortunately",tactical_analysis,
"Good half. Hope the 2nd half will be better",meta_narrative,
"Heart breaking end of the half",reactive_venting,
"CV are falling apart, this might end in a blowout.",tactical_analysis,
"Maybe, but its a game of two halves.",meta_narrative,
"Uruguay will be public enemy number one if they do",meta_narrative,
"I officially don’t want to hear one fucking person say a bad thing about 48 teams being too many. We kept hearing that the lower-tier teams would create mismatches and ugly games. In the past 24 hours we’ve seen a country with 170k people put up a record-setting goalkeeping performance. And now we have a country of 500k people who tied the WC favorites and are currently beating a country who has won multiple WC’s. More teams = more soccer = very good thing.",meta_narrative,Tournament storyline
"UEFA has collectively not looked great. Changes in eligibility have really helped.",tactical_analysis,
"So Uruguay are the bad guys.",meta_narrative,
"Always have been.",reactive_venting,
"Cape Verde win creates maximum chaos, so they deserve a nice 1-0 win here.",meta_narrative,
"Top 10 goal so far wow.",reactive_venting,
"Cape Verde take my energy.",reactive_venting,
"Why do I have a feeling someone form Uruguay is going to get a red for covering their mouth.",meta_narrative,
"Usually you get mad at me for NOT doing that! - Luis Suarez. And yes, i know he's not playing. It was too good of a joke to not use, so i don't care.",meta_narrative,
"OH NO PLEASE TELL ME CAPE VERDE WILL GET ANOTHER POINT AFTER HALFTIME.",reactive_venting,
"Well, that was fun while it lasted. I'm still looking this country up on Britannica.",meta_narrative,
"There are fifty other guys that would die to be in that wall",reactive_venting,
"Fuck Uruguay.",reactive_venting,
"Damn. I was really cheering for cabo verde to pull the upset.",meta_narrative,
"More like Cape rojo. Holy shit, the country you might never have heard of is in the lead.",meta_narrative,
"This is also been a big time indictment of the possession game at all costs.",tactical_analysis,
"If my son's 12yo teammates reacted that way when they are in the wall on a set piece, they'd get benched. That is just unacceptably bad for a World Cup-caliber player. Pathetic. The Uruguay GK has every right to be FURIOUS.",tactical_analysis,Objective criticism of positioning
"If Cape Verde can hold on to win they are in really good position to make it out of the group.",tactical_analysis,
"Unrecognizable from the Spain game in a good way.",tactical_analysis,
"Suarez can't believe his country is getting cooked by Cabo Verde.",reactive_venting,
"Not Uruguay's biggest fan, but dude with the cramp can't expect the play to end just because he goes down. Had I been the Uruguayan player I would've done the same thing, play didn't stop.",tactical_analysis,Referee mechanics
"People were/are against it.. but the World Cup expansion is worth it for these underdog stories.",meta_narrative,
"I love my country Cape Verde (im from nowhere near there)",meta_narrative,
"LMAO HE STOPPED THE STRETCHING.",reactive_venting,
"I am rooting for another Cape Verde upset, but if they lose, please lose 4-0 so that Uruguay can play for a draw against Spain for 1st place.",tactical_analysis,Group standings strategy
"Yeah 48 teams was a good decision ngl this is insane.",meta_narrative,
"Is it too cynical to think the Cape Verde attack has been too selfish after the goal and they could have been 2-0 up if the players didn't keep going for Hail Marys whenever they were going forward.",tactical_analysis,
"That Cape Verde's #18 killed the team concentration. Their defense was locked in before him pretending to be injuried.",tactical_analysis,
"We're all Cabo Verdians tonight.",meta_narrative,
"I want to like Uruguay because their kits, flag, and anthem are all top tier. Shame their players are such cunts.",reactive_venting,
"Lmao at Vinas helping Arcanjo before running to attack.",tactical_analysis,
"The half time analysis in the Australian broadcast by Kevin Prince Boatent is hilarious. He openly hates Uruguay.",meta_narrative,Broadcast commentary
"Just checked Insta and saw that Vozinha has 15M followers now. That’s an insane jump from before the first match. Good for him.",meta_narrative,
"Roberto Carlos just fell to his knees in pride watching that go in.",meta_narrative,
"I like that the refs are letting play go, but surely you need to blow the whistle when somebody is genuinely injured.",tactical_analysis,Referee mechanics
"These water breaks man. Convinced CV would not be losing if they played the full 45.",tactical_analysis,
"Cracking goal that!",reactive_venting,
"You can tell the Cape Verdeans have played in Portugal. They love the over-dramatic theatrics.",reactive_venting,
"Are we in a fucking alternate universe cause - these wee teams are playing flowing football with belief in themselves and each other. They tackle like animals and can find space on the pitch that we cant, its a different type of confidence. This is beyond a fluke.",tactical_analysis,
"That's so irritating, if the guys hamstring hadn't gone he'd have blocked that cross.",tactical_analysis,
"It was funny, the moment he noticed action he stops with helping and pushes him down, so there is one less defender.",tactical_analysis,
"Bielsa's system leaves them so vulnerable to the counter, Ugarte is basically playing alone in the midfield when they push up.",tactical_analysis,
"I swear to god if we lose this I am deleting my account.",reactive_venting,
"Fox commentators literally don't know half the Cape Verde players' names, this broadcast is a joke.",meta_narrative,Broadcast commentary
"The gap between the midfield and the defense for Cape Verde is getting way too large. They are exhausted.",tactical_analysis,
"URUGUAY NOMA!!!",reactive_venting,
"This ref is an absolute clown.",reactive_venting,
"Can someone explain why the VAR didn't look at the handball shout on Araujo earlier? Seemed like his arm was completely extended.",tactical_analysis,
"Lmao r/soccer is going to have a meltdown if Uruguay scores a third.",meta_narrative,
"Valverde's engine is just absurd. He's been sprinting box-to-box for 45 minutes in 99 degree heat.",tactical_analysis,
"Cabo Verde completely lost their heads after that injury incident. You can't just stop playing the whistle.",tactical_analysis,
"My parlay is completely cooked.",meta_narrative,
"Disgusting from Uruguay as always.",reactive_venting,
"If you actually watch the replay, the Cape Verde player initiated the contact. Good no-call.",tactical_analysis,
"I love the World Cup so much.",meta_narrative,
"How is that not a yellow card???",reactive_venting,
"Uruguay exploiting the wide areas perfectly. Pellistri is having a field day against their left back.",tactical_analysis,
"This is exactly why you don't park the bus in the 30th minute. It invites way too much pressure.",tactical_analysis,
"Can't stand this team, hope they get knocked out in the Round of 16.",reactive_venting,
"Miami crowd is dead, this feels like a friendly.",meta_narrative,
"Nunez has been completely invisible so far, they need to get him involved in the build-up.",tactical_analysis,
"Vozinha is the greatest keeper of our generation don't @ me.",reactive_venting,
"The humidity is definitely playing a factor here, both teams looked gassed by the 35th minute.",tactical_analysis,
"Uruguay's high press is beautiful when it works, but they are leaving massive gaps behind the fullbacks.",tactical_analysis,
"Are we sure this isn't a FIFA script?",meta_narrative,
"This tournament has been incredible for the smaller nations.",meta_narrative,
"That free kick was struck perfectly. Muslera was a half-step late reacting because of the wall.",tactical_analysis,
"Lmfao suck it haters.",reactive_venting,
"Cape Verde needs to bring on fresh legs in the midfield right now, they are getting overrun.",tactical_analysis,
"Bielsa sitting on a cooler is the most iconic image in football.",meta_narrative,
"Why do they keep trying to play out of the back? Just clear the damn ball!",tactical_analysis,
"Literally crying right now, this sport is too cruel.",reactive_venting,
"If that goes in, it's goal of the tournament.",meta_narrative,
"Uruguay's transitions are lethal. One mistake in the midfield and they punish you instantly.",tactical_analysis,
"I don't care what anyone says, that was a foul.",reactive_venting,
"The pitch looks terrible, players are slipping everywhere.",meta_narrative,
"Gimenez is a wall back there, absolutely bossing the aerial duels.",tactical_analysis,
"Everyone acting like Uruguay cheated by playing to the whistle has never played a competitive sport in their life.",tactical_analysis,
"Fuck this sport man.",reactive_venting,
"I'm supposed to be working right now but this game is too good.",meta_narrative,
"Cape Verde's shape off the ball was excellent for the first 30 minutes, keeping two banks of four very tight.",tactical_analysis,
"Boooooooooo",reactive_venting,
"Where are the Uruguay haters now???",reactive_venting,
"They need to sub off #18, he is clearly still struggling with that hamstring and it's a liability.",tactical_analysis,
"This match thread is pure comedy.",meta_narrative,
"Canobbio's movement off the ball on that second goal was brilliant, completely lost his marker.",tactical_analysis,
"Absolute robbery.",reactive_venting,
"Conmebol teams just have that dawg in them.",meta_narrative,
"The distance between Cape Verde's defensive line and their forwards is like 60 yards right now, they can't connect.",tactical_analysis,
"That's a red card every day of the week.",reactive_venting,
"I've never seen a team crumble so fast after looking so solid.",tactical_analysis,
"American stadiums shouldn't be allowed to host World Cup games.",meta_narrative,
"Ugarte is dictating the entire tempo of the game right now.",tactical_analysis,
"They scored while the guy was on the ground! Shameful!",reactive_venting,
"Actually read the rulebook, the ref can't stop play for a cramp.",tactical_analysis,
"I feel so bad for them, what a brutal way to end the half.",meta_narrative,
"That was prime Barcelona passing right there.",meta_narrative,
"Cape Verde's right side is completely exposed every time Moreira pushes up.",tactical_analysis,
"Lol get rekt",reactive_venting,
"This is why football is the beautiful game.",meta_narrative,
"They are overloading the left flank to isolate Pellistri 1v1, it's a very clear tactical shift by Bielsa.",tactical_analysis,
"Trash referee.",reactive_venting,
"The 48 team format is vindicated by games like this.",meta_narrative,
"If Cape Verde wants to get back in this, they have to start winning the second balls.",tactical_analysis,
"Uruguay getting lucky as usual.",reactive_venting,
"I need a clip of that skill move immediately.",meta_narrative,
"Olivera has been massive defensively today, winning every 50/50 challenge.",tactical_analysis,
"I hate them so much.",reactive_venting,
"Does anyone have a working stream? Mine just died.",meta_narrative,
"The lack of composure from Cape Verde in the final third is really showing now.",tactical_analysis,
"Gooooaaaaallllll!!!!!!",reactive_venting,
"Bielsa ball is inevitable.",meta_narrative,
"You can see Cape Verde trying to force the ball centrally when the wings are wide open.",tactical_analysis,
"Are they blind??? He was offside!",reactive_venting,
"Best World Cup ever.",meta_narrative,
"Valverde's shot power is not human.",meta_narrative,
"The decision to play a high line against a team with this much pace was suicidal.",tactical_analysis,
"Suck on that r/soccer!",reactive_venting,
"Can we talk about how awful the camera angles are at this stadium?",meta_narrative,
"De La Cruz is the unsung hero of this midfield, he covers so much ground to allow Valverde to push forward.",tactical_analysis,
"They just completely gave up after the first goal.",reactive_venting,
"Never doubted them for a second.",reactive_venting,
"It's a tactical masterclass by Bielsa to switch the play so quickly against a narrow block.",tactical_analysis,
"This is giving me massive 2010 Ghana vibes.",meta_narrative,
"Just blow the whistle already.",reactive_venting,
"If you look at the replay, the defender actually steps on his own teammate's foot.",tactical_analysis,
"Cape Verde deserved better.",meta_narrative,
"What a pathetic display of sportsmanship.",reactive_venting,
"Their xG has to be less than 0.1 for the last 20 minutes.",tactical_analysis,
"I will name my firstborn after Araujo.",reactive_venting,
"The atmosphere looks amazing on TV.",meta_narrative,
"They need to stretch the pitch, it's way too congested in the middle.",tactical_analysis,
"Lmao the tears in this thread are delicious.",meta_narrative,
"He's a diver, always has been.",reactive_venting,
"Bielsa's man-marking system in the midfield completely neutralized Cape Verde's pivot.",tactical_analysis,
"Why is Nunez like this?",reactive_venting,
"This is why you don't celebrate too early.",meta_narrative,
"The switch of play to the weak side is killing them, Cape Verde isn't sliding over fast enough.",tactical_analysis,
"Fuck it, we ball.",reactive_venting,
"ESPN coverage is so biased.",meta_narrative,
"Uruguay's ability to win the ball back within 5 seconds of losing it is incredible.",tactical_analysis,
"Heartbreak.",reactive_venting,
"Can we fast forward to the knockout stages already?",meta_narrative,
"The keeper was completely screened on that shot, he had no chance.",tactical_analysis,
"Such a dirty team.",reactive_venting,
"I genuinely think they can make a deep run if they fix their defensive transition.",tactical_analysis,
"Losing my mind at these substitutions.",reactive_venting,
"This thread is so toxic lol.",meta_narrative,
"Cape Verde's central defenders are getting pulled out of position way too easily.",tactical_analysis,
"VAMOSSSSS",reactive_venting,
"My heart can't take this.",reactive_venting,
"The tactical discipline of Uruguay in the final 10 minutes was flawless.",tactical_analysis,
"Imagine betting against Bielsa.",meta_narrative,
"They didn't even try to defend that set piece.",tactical_analysis,
"I am dead inside.",reactive_venting,
"That sequence will go down in World Cup history.",meta_narrative,